BveTs Vehicle Performance Table 1.00,,,,,,,,,,,
#,1,2,3,4,5,1,2,3,4,5,B
0,7.62E-05,1.45E-04,0.00030896,0.000377925,0.000421027,7.61E-05,1.45E-04,0.000308744,0.000377662,0.000420735,1.15E-04
