BveTs Vehicle Performance Table 1.00,,,,,,,,,,,
#,1,2,3,4,5,1,2,3,4,5,B
0,0.003397965,0.00680593,0.010213895,0.013621861,0.017029826,0.000371925,0.000753849,0.001135774,0.001517698,0.001899623,0.000103943
