BveTs Vehicle Performance Table 1.00,,,,,,,,,,,
#,1,2,3,4,5,1,2,3,4,5,B
0,3.31027E-05,6.75849E-05,0.00014948,0.000183962,0.000205514,3.30735E-05,6.75323E-05,0.000149372,0.000183831,0.000205368,5.9372E-05
